Liczba wypadków,Liczba zabitych,Liczba rannych,Rok,IDKSIP zdarzenia,Zachowanie kierującego,Zachowanie pieszego,Inne przyczyny
0,0,0,2014,EWK-98078061W,Nieudzielenie pierwszeństwa pieszemu,,
0,0,0,2014,EWK-98080468Y,,Nieostrożne wejście na jezdnię: przed jadącym pojazdem,
0,0,0,2014,EWK-98080689D,,Chodzenie nieprawidłową stroną drogi; Chodzenie nieprawidłową stroną drogi,
0,0,0,2014,EWK-98081960U,,,Nieustalone
0,0,0,2014,EWK-98081984P,Nieudzielenie pierwszeństwa pieszemu,,
0,0,0,2014,EWK-98082750Q,,Nieostrożne wejście na jezdnię: przed jadącym pojazdem,
0,0,0,2014,EWK-98082762E,,Nieostrożne wejście na jezdnię: przed jadącym pojazdem,
0,0,0,2014,EWK-98082957Y,Wjazd przy czerwonym świetle,,
0,0,0,2014,EWK-98083247R,,Nieostrożne wejście na jezdnię: przed jadącym pojazdem,
0,0,0,2014,EWK-98083341K,Nieprawidłowe: omijanie,,
0,0,0,2014,EWK-98083521K,,"Stanie na jezdni, leżenie",
0,0,0,2014,EWK-98083671N,Nieudzielenie pierwszeństwa pieszemu,,
0,0,0,2014,EWK-98083715Y,,Chodzenie nieprawidłową stroną drogi,
0,0,0,2014,EWK-98084122T,,Nieostrożne wejście na jezdnię: przed jadącym pojazdem,
0,0,0,2014,EWK-98084511W,,Nieostrożne wejście na jezdnię: przed jadącym pojazdem,
0,0,0,2014,EWK-98084734H,Nieudzielenie pierwszeństwa pieszemu,,
0,0,0,2014,EWK-98084798P,Nieudzielenie pierwszeństwa przejazdu,,
0,0,0,2014,EWK-98084935J,Nieudzielenie pierwszeństwa pieszemu,,
0,0,0,2014,EWK-98085066Y,,,Nieustalone
0,0,0,2014,EWK-98085227G,Nieprawidłowe: cofanie,,
0,0,0,2014,EWK-98086042N,Nieudzielenie pierwszeństwa pieszemu,,
0,0,0,2014,EWK-98086513P,Nieudzielenie pierwszeństwa pieszemu,,
0,0,0,2014,EWK-98086538U,,Nieostrożne wejście na jezdnię: przed jadącym pojazdem,
0,0,0,2014,EWK-98087116X,Nieudzielenie pierwszeństwa pieszemu,,
0,0,0,2014,EWK-98087564G,Nieudzielenie pierwszeństwa pieszemu,,
0,0,0,2014,EWK-98087631L,Nieudzielenie pierwszeństwa pieszemu,,
0,0,0,2014,EWK-98087634T,Nieudzielenie pierwszeństwa pieszemu,,
0,0,0,2014,EWK-98088793L,Nieprawidłowe: omijanie,Chodzenie nieprawidłową stroną drogi,
0,0,0,2014,EWK-98089136Y,,"Nieostrożne wejście na jezdnię: zza pojazdu, przeszkody",
0,0,0,2014,EWK-98089270H,,Nieostrożne wejście na jezdnię: przed jadącym pojazdem,
0,0,0,2014,EWK-98089598U,,Nieostrożne wejście na jezdnię: przed jadącym pojazdem,
0,0,0,2014,EWK-98090171G,Nieudzielenie pierwszeństwa przejazdu,,
0,0,0,2014,EWK-98091314H,Nieudzielenie pierwszeństwa pieszemu,,
0,0,0,2014,EWK-98091972K,Nieprawidłowe: wymijanie,,
0,0,0,2014,EWK-98092145N,,Nieostrożne wejście na jezdnię: przed jadącym pojazdem,
0,0,0,2014,EWK-98092372P,Niedostosowanie prędkości do warunków ruchu,,
0,0,0,2014,EWK-98092382U,,Nieostrożne wejście na jezdnię: przed jadącym pojazdem,
0,0,0,2014,EWK-98093434U,Nieudzielenie pierwszeństwa pieszemu,,
0,0,0,2014,EWK-98094456H,,Chodzenie nieprawidłową stroną drogi,
0,0,0,2014,EWK-98095216F,,Nieostrożne wejście na jezdnię: przed jadącym pojazdem,
0,0,0,2014,EWK-98095879W,Nieudzielenie pierwszeństwa pieszemu,,
0,0,0,2014,EWK-98096215J,Nieprawidłowe: cofanie,,
0,0,0,2014,EWK-98096245G,Nieprawidłowe: skręcanie,"Nieostrożne wejście na jezdnię: zza pojazdu, przeszkody",
0,0,0,2014,EWK-98096263R,Nieudzielenie pierwszeństwa pieszemu,,
0,0,0,2014,EWK-98096278L,,Chodzenie nieprawidłową stroną drogi,
0,0,0,2014,EWK-98096363Q,Nieudzielenie pierwszeństwa pieszemu,,
0,0,0,2014,EWK-98096674A,,"Nieostrożne wejście na jezdnię: zza pojazdu, przeszkody",
0,0,0,2014,EWK-98096731D,Nieudzielenie pierwszeństwa pieszemu,,
0,0,0,2014,EWK-98097302U,Nieudzielenie pierwszeństwa pieszemu,,
0,0,0,2014,EWK-98097798Y,Nieprawidłowe: wymijanie,,
0,0,0,2014,EWK-98097944F,,Nieostrożne wejście na jezdnię: przed jadącym pojazdem,
0,0,0,2014,EWK-98098048F,,"Nieostrożne wejście na jezdnię: zza pojazdu, przeszkody",
0,0,0,2014,EWK-98098224W,,Nieostrożne wejście na jezdnię: przed jadącym pojazdem,
0,0,0,2014,EWK-98099299M,Nieudzielenie pierwszeństwa pieszemu,,
0,0,0,2014,EWK-98100067R,,Nieostrożne wejście na jezdnię: przed jadącym pojazdem,
0,0,0,2014,EWK-98100881E,,,Nieustalone
0,0,0,2014,EWK-98100893G,,,Inne
0,0,0,2014,EWK-98101182Q,Nieudzielenie pierwszeństwa pieszemu,,
0,0,0,2014,EWK-98102366X,,Nieostrożne wejście na jezdnię: przed jadącym pojazdem,
0,0,0,2014,EWK-98104921L,,"Stanie na jezdni, leżenie",
0,0,0,2014,EWK-98105293F,Nieudzielenie pierwszeństwa pieszemu,,
0,0,0,2014,EWK-98106035P,,Nieostrożne wejście na jezdnię: przed jadącym pojazdem,
0,0,0,2014,EWK-98106100W,,Nieostrożne wejście na jezdnię: przed jadącym pojazdem,
0,0,0,2014,EWK-98106471E,,Przekraczanie jezdni w miejscu niedozwolonym,
0,0,0,2014,EWK-98106686N,,,"Obiekty, zwierzęta na drodze"
0,0,0,2014,EWK-98107473M,Nieudzielenie pierwszeństwa pieszemu,,
0,0,0,2014,EWK-98108354Q,,Nieostrożne wejście na jezdnię: przed jadącym pojazdem,
0,0,0,2014,EWK-98108515E,Nieprawidłowe: przejeżdżanie przejścia dla pieszych,,
0,0,0,2014,EWK-98108795C,Nieprawidłowe: omijanie,,
0,0,0,2014,EWK-98108947A,,Nieostrożne wejście na jezdnię: przed jadącym pojazdem,
0,0,0,2014,EWK-98108984T,,Nieostrożne wejście na jezdnię: przed jadącym pojazdem,
0,0,0,2014,EWK-98109309D,Nieudzielenie pierwszeństwa pieszemu,,
0,0,0,2014,EWK-98109860E,,"Nieostrożne wejście na jezdnię: zza pojazdu, przeszkody",
0,0,0,2014,EWK-98112042J,Nieprawidłowe: wymijanie,,
0,0,0,2014,EWK-98112148G,Nieudzielenie pierwszeństwa pieszemu,,
0,0,0,2014,EWK-98113099T,Nieudzielenie pierwszeństwa pieszemu,,
0,0,0,2014,EWK-98113809J,,Nieostrożne wejście na jezdnię: przed jadącym pojazdem,
0,0,0,2014,EWK-98114770U,Niedostosowanie prędkości do warunków ruchu,,
0,0,0,2014,EWK-98115340J,Nieudzielenie pierwszeństwa pieszemu,,
0,0,0,2014,EWK-98116318F,,Nieostrożne wejście na jezdnię: przed jadącym pojazdem,
0,0,0,2014,EWK-98116788Q,,,Inne
0,0,0,2014,EWK-98116798Q,,"Stanie na jezdni, leżenie",
0,0,0,2014,EWK-98117122D,,Nieostrożne wejście na jezdnię: przed jadącym pojazdem,
0,0,0,2014,EWK-98117378W,,Przekraczanie jezdni w miejscu niedozwolonym,
0,0,0,2014,EWK-98117556L,,Przekraczanie jezdni w miejscu niedozwolonym,
0,0,0,2014,EWK-98118621K,Nieudzielenie pierwszeństwa pieszemu,,
0,0,0,2014,EWK-98118675N,,Chodzenie nieprawidłową stroną drogi,
0,0,0,2014,EWK-98118736H,Jazda po niewłaściwej stronie drogi,,
0,0,0,2014,EWK-98119456W,,Nieostrożne wejście na jezdnię: przed jadącym pojazdem,
0,0,0,2014,EWK-98119518R,,"Nieostrożne wejście na jezdnię: zza pojazdu, przeszkody",
0,0,0,2014,EWK-98120296R,Nieudzielenie pierwszeństwa pieszemu,,
0,0,0,2014,EWK-98120347X,,"Stanie na jezdni, leżenie",
0,0,0,2014,EWK-98121816G,,Wejście na jezdnię przy czerwonym świetle,
0,0,0,2014,EWK-98124087X,,Nieostrożne wejście na jezdnię: przed jadącym pojazdem,
0,0,0,2014,EWK-98124416W,Nieudzielenie pierwszeństwa pieszemu,,
0,0,0,2014,EWK-98124603H,Nieudzielenie pierwszeństwa pieszemu,,
0,0,0,2014,EWK-98125342P,Nieudzielenie pierwszeństwa pieszemu,,
0,0,0,2014,EWK-98125354E,,Nieostrożne wejście na jezdnię: przed jadącym pojazdem,
0,0,0,2014,EWK-98125501W,Nieudzielenie pierwszeństwa pieszemu,,
0,0,0,2014,EWK-98126039E,,Nieostrożne wejście na jezdnię: przed jadącym pojazdem,
0,0,0,2014,EWK-98126469L,Nieudzielenie pierwszeństwa pieszemu,,
0,0,0,2014,EWK-98126617Q,Nieudzielenie pierwszeństwa pieszemu,,
0,0,0,2014,EWK-98127248T,,Nieostrożne wejście na jezdnię: przed jadącym pojazdem,
0,0,0,2014,EWK-98127825T,,Nieostrożne wejście na jezdnię: przed jadącym pojazdem,
0,0,0,2014,EWK-98128351P,,,Inne
0,0,0,2014,EWK-98129071T,,"Nieostrożne wejście na jezdnię: zza pojazdu, przeszkody",
0,0,0,2014,EWK-98129492Q,Nieudzielenie pierwszeństwa pieszemu,,
0,0,0,2014,EWK-98129700P,Nieudzielenie pierwszeństwa pieszemu,,
0,0,0,2014,EWK-98130018X,Nieprawidłowe: omijanie,,
0,0,0,2014,EWK-98130273E,Nieudzielenie pierwszeństwa pieszemu,,
0,0,0,2014,EWK-98130340Y,,"Stanie na jezdni, leżenie",
0,0,0,2014,EWK-98130521N,,Nieostrożne wejście na jezdnię: przed jadącym pojazdem,
0,0,0,2014,EWK-98130526K,,"Stanie na jezdni, leżenie",
0,0,0,2014,EWK-98131411U,Nieprawidłowe: przejeżdżanie przejścia dla pieszych,,
0,0,0,2014,EWK-98131769T,Nieudzielenie pierwszeństwa pieszemu,,
0,0,0,2014,EWK-98132177N,Nieprawidłowe: przejeżdżanie przejścia dla pieszych,,
0,0,0,2014,EWK-98133243L,,"Nieostrożne wejście na jezdnię: zza pojazdu, przeszkody",
0,0,0,2014,EWK-98134426T,,Chodzenie nieprawidłową stroną drogi,
0,0,0,2014,EWK-98135376P,Nieudzielenie pierwszeństwa pieszemu,,
0,0,0,2014,EWK-98135769F,Nieprawidłowe: omijanie,,
0,0,0,2014,EWK-98136352C,Nieprawidłowe: cofanie,,
0,0,0,2014,EWK-98136489Y,Nieudzielenie pierwszeństwa pieszemu,,
0,0,0,2014,EWK-98136555J,,Nieostrożne wejście na jezdnię: przed jadącym pojazdem,
0,0,0,2014,EWK-98136825K,,"Stanie na jezdni, leżenie",
0,0,0,2014,EWK-98136910M,Nieudzielenie pierwszeństwa pieszemu,,
0,0,0,2014,EWK-98137445P,Nieudzielenie pierwszeństwa pieszemu,,
0,0,0,2014,EWK-98137627Q,,Nieostrożne wejście na jezdnię: przed jadącym pojazdem,
0,0,0,2014,EWK-98139145J,Nieprawidłowe: omijanie,,
0,0,0,2014,EWK-98139162D,Nieudzielenie pierwszeństwa pieszemu,,
0,0,0,2014,EWK-98139611P,Nieudzielenie pierwszeństwa pieszemu,,
0,0,0,2014,EWK-98139947F,,Nieostrożne wejście na jezdnię: przed jadącym pojazdem,
0,0,0,2014,EWK-98140299X,,"Nieostrożne wejście na jezdnię: zza pojazdu, przeszkody",
0,0,0,2014,EWK-98141165U,,Nieostrożne wejście na jezdnię: przed jadącym pojazdem,
0,0,0,2014,EWK-98141654Y,Nieprawidłowe: przejeżdżanie przejścia dla pieszych,,
0,0,0,2014,EWK-98142366W,,Nieostrożne wejście na jezdnię: przed jadącym pojazdem,
0,0,0,2014,EWK-98142449J,,,Nieustalone
0,0,0,2014,EWK-98142989F,Niedostosowanie prędkości do warunków ruchu,,
0,0,0,2014,EWK-98144662P,,"Stanie na jezdni, leżenie",
0,0,0,2014,EWK-98145645Q,,,Inne
0,0,0,2014,EWK-98145887U,Nieudzielenie pierwszeństwa pieszemu,,
0,0,0,2014,EWK-98146091Q,,Nieostrożne wejście na jezdnię: przed jadącym pojazdem,
0,0,0,2014,EWK-98146121W,,Nieostrożne wejście na jezdnię: przed jadącym pojazdem,
0,0,0,2014,EWK-98146536A,Nieprawidłowe: przejeżdżanie przejścia dla pieszych,,
0,0,0,2014,EWK-98146570L,Nieudzielenie pierwszeństwa pieszemu,,
0,0,0,2014,EWK-98146669T,,Nieostrożne wejście na jezdnię: przed jadącym pojazdem; Nieostrożne wejście na jezdnię: przed jadącym pojazdem,
0,0,0,2014,EWK-98146895T,,"Stanie na jezdni, leżenie",
0,0,0,2014,EWK-98147177U,Nieprawidłowe: cofanie,,
0,0,0,2014,EWK-98147244P,Nieudzielenie pierwszeństwa pieszemu,,
0,0,0,2014,EWK-98148146P,,Nieostrożne wejście na jezdnię: przed jadącym pojazdem,
0,0,0,2014,EWK-98148957T,,Nieostrożne wejście na jezdnię: przed jadącym pojazdem,
0,0,0,2014,EWK-98149696D,Nieudzielenie pierwszeństwa pieszemu,,
0,0,0,2014,EWK-98150029A,Nieprawidłowe: cofanie,,
0,0,0,2014,EWK-98152512M,,Nieostrożne wejście na jezdnię: przed jadącym pojazdem,
0,0,0,2014,EWK-98154430N,Nieprawidłowe: omijanie,,
0,0,0,2014,EWK-98154710X,Nieudzielenie pierwszeństwa pieszemu,,
0,0,0,2014,EWK-98155264F,,Nieostrożne wejście na jezdnię: przed jadącym pojazdem,
0,0,0,2014,EWK-98155405W,,Nieostrożne wejście na jezdnię: przed jadącym pojazdem,
0,0,0,2014,EWK-98155520K,,"Nieostrożne wejście na jezdnię: zza pojazdu, przeszkody",
0,0,0,2014,EWK-98156759N,,Nieostrożne wejście na jezdnię: przed jadącym pojazdem,
0,0,0,2014,EWK-98158821A,Nieudzielenie pierwszeństwa pieszemu,,
0,0,0,2014,EWK-98160251X,,Nieostrożne wejście na jezdnię: przed jadącym pojazdem,
0,0,0,2014,EWK-98161553E,,Nieostrożne wejście na jezdnię: przed jadącym pojazdem,
0,0,0,2014,EWK-98162733E,Nieprawidłowe: omijanie,,
0,0,0,2014,EWK-98162910E,Nieudzielenie pierwszeństwa pieszemu,,
0,0,0,2014,EWK-98163597M,Nieudzielenie pierwszeństwa pieszemu,,
0,0,0,2014,EWK-98164534E,Nieprawidłowe: cofanie,,
0,0,0,2014,EWK-98164882R,Nieprawidłowe: przejeżdżanie przejścia dla pieszych,,
0,0,0,2014,EWK-98166208M,,Wejście na jezdnię przy czerwonym świetle,
0,0,0,2014,EWK-98166237Q,Nieudzielenie pierwszeństwa pieszemu,,
0,0,0,2014,EWK-98167097G,Nieudzielenie pierwszeństwa pieszemu,,
0,0,0,2014,EWK-98167667U,Nieudzielenie pierwszeństwa pieszemu,,
0,0,0,2014,EWK-98167809J,,,"Obiekty, zwierzęta na drodze"
0,0,0,2014,EWK-98168911N,Nieprawidłowe: omijanie,Nieostrożne wejście na jezdnię: przed jadącym pojazdem,
0,0,0,2014,EWK-98169636C,Nieprawidłowe: cofanie,,
0,0,0,2014,EWK-98170076R,Nieudzielenie pierwszeństwa pieszemu,,
0,0,0,2014,EWK-98170091J,Jazda po niewłaściwej stronie drogi,,
0,0,0,2014,EWK-98170185P,,"Nieostrożne wejście na jezdnię: zza pojazdu, przeszkody",
0,0,0,2014,EWK-98170328D,,Nieostrożne wejście na jezdnię: przed jadącym pojazdem,
0,0,0,2014,EWK-98170548L,,Nieostrożne wejście na jezdnię: przed jadącym pojazdem,
0,0,0,2014,EWK-98170642M,,Nieostrożne wejście na jezdnię: przed jadącym pojazdem,
0,0,0,2014,EWK-98170759F,,Nieostrożne wejście na jezdnię: przed jadącym pojazdem,
0,0,0,2014,EWK-98170805F,Nieudzielenie pierwszeństwa pieszemu,,
0,0,0,2014,EWK-98170840H,,Wejście na jezdnię przy czerwonym świetle; Wejście na jezdnię przy czerwonym świetle,
0,0,0,2014,EWK-98170891E,,Nieostrożne wejście na jezdnię: przed jadącym pojazdem,
0,0,0,2014,EWK-98171362C,Nieudzielenie pierwszeństwa pieszemu,,
0,0,0,2014,EWK-98171466F,Nieudzielenie pierwszeństwa pieszemu,,
0,0,0,2014,EWK-98172154T,Nieudzielenie pierwszeństwa pieszemu,,
0,0,0,2014,EWK-98172340H,Niedostosowanie prędkości do warunków ruchu,,
0,0,0,2014,EWK-98172614L,,,"Obiekty, zwierzęta na drodze"
0,0,0,2014,EWK-98173365L,,Nieostrożne wejście na jezdnię: przed jadącym pojazdem,
0,0,0,2014,EWK-98173370T,,Nieostrożne wejście na jezdnię: przed jadącym pojazdem,
0,0,0,2014,EWK-98174286W,Nieudzielenie pierwszeństwa pieszemu,,
0,0,0,2014,EWK-98174421Q,,Nieostrożne wejście na jezdnię: przed jadącym pojazdem,
0,0,0,2014,EWK-98174430D,,"Nieostrożne wejście na jezdnię: zza pojazdu, przeszkody",
0,0,0,2014,EWK-98174623X,,,Inne
0,0,0,2014,EWK-98175070G,Nieudzielenie pierwszeństwa pieszemu,,
0,0,0,2014,EWK-98175933Q,Nieudzielenie pierwszeństwa pieszemu,,
0,0,0,2014,EWK-98176509K,,Nieostrożne wejście na jezdnię: przed jadącym pojazdem,
0,0,0,2014,EWK-98177464R,,Nieostrożne wejście na jezdnię: przed jadącym pojazdem,
0,0,0,2014,EWK-98177550D,Nieprawidłowe: cofanie,,
0,0,0,2014,EWK-98177915F,,,Nieustalone
0,0,0,2014,EWK-98178166K,,Chodzenie nieprawidłową stroną drogi,
0,0,0,2014,EWK-98178201D,,,Nieustalone
0,0,0,2014,EWK-98178209A,,Nieostrożne wejście na jezdnię: przed jadącym pojazdem,
0,0,0,2014,EWK-98178302W,,Chodzenie nieprawidłową stroną drogi,
0,0,0,2014,EWK-98178387U,Nieudzielenie pierwszeństwa pieszemu,,
0,0,0,2014,EWK-98178913T,,Przekraczanie jezdni w miejscu niedozwolonym,
0,0,0,2014,EWK-98180013Y,Nieprawidłowe: omijanie,Chodzenie nieprawidłową stroną drogi,
0,0,0,2014,EWK-98180473Y,Nieudzielenie pierwszeństwa pieszemu,,
0,0,0,2014,EWK-98180631P,Niedostosowanie prędkości do warunków ruchu,,
0,0,0,2014,EWK-98180936J,Nieudzielenie pierwszeństwa pieszemu,,
0,0,0,2014,EWK-98180977P,,Wejście na jezdnię przy czerwonym świetle,
0,0,0,2014,EWK-98181203Y,Nieprawidłowe: omijanie,,
0,0,0,2014,EWK-98181576U,Niedostosowanie prędkości do warunków ruchu,,
0,0,0,2014,EWK-98181585G,Nieprawidłowe: przejeżdżanie przejścia dla pieszych,,
0,0,0,2014,EWK-98182368K,Nieudzielenie pierwszeństwa pieszemu,,
0,0,0,2014,EWK-98182725K,Nieudzielenie pierwszeństwa pieszemu,,
0,0,0,2014,EWK-98183653F,Nieprawidłowe: cofanie,,
0,0,0,2014,EWK-98183772P,Nieprawidłowe: przejeżdżanie przejścia dla pieszych,,
0,0,0,2014,EWK-98183803Y,Nieprawidłowe: przejeżdżanie przejścia dla pieszych,Nieostrożne wejście na jezdnię: przed jadącym pojazdem,
0,0,0,2014,EWK-98184048M,Niedostosowanie prędkości do warunków ruchu,,
0,0,0,2014,EWK-98184173N,,"Stanie na jezdni, leżenie",Nieprawidłowo zabezp. roboty drogowe
0,0,0,2014,EWK-98184192X,Nieudzielenie pierwszeństwa pieszemu,,
0,0,0,2014,EWK-98184686G,Nieudzielenie pierwszeństwa pieszemu,,
0,0,0,2014,EWK-98184876E,,Nieostrożne wejście na jezdnię: przed jadącym pojazdem,
0,0,0,2014,EWK-98184882W,Jazda po niewłaściwej stronie drogi,,
0,0,0,2014,EWK-98184886J,,Nieostrożne wejście na jezdnię: przed jadącym pojazdem,
0,0,0,2014,EWK-98185429R,Nieprawidłowe: wyprzedzanie,,
0,0,0,2014,EWK-98185471J,,Nieostrożne wejście na jezdnię: przed jadącym pojazdem,
0,0,0,2014,EWK-98188075E,Niezachowanie bezp. odl. między pojazdami,,
0,0,0,2014,EWK-98188552E,Nieudzielenie pierwszeństwa pieszemu,,
0,0,0,2014,EWK-98188873P,,Chodzenie nieprawidłową stroną drogi,
0,0,0,2014,EWK-98189619W,,"Stanie na jezdni, leżenie",
0,0,0,2014,EWK-98191081T,,Nieostrożne wejście na jezdnię: przed jadącym pojazdem,
0,0,0,2014,EWK-98191635H,,"Stanie na jezdni, leżenie",
0,0,0,2014,EWK-98192735P,Nieprawidłowe: cofanie,,
0,0,0,2014,EWK-98192872K,Nieudzielenie pierwszeństwa pieszemu,,
0,0,0,2014,EWK-98193038A,Nieudzielenie pierwszeństwa pieszemu,,
0,0,0,2014,EWK-98193132W,Nieudzielenie pierwszeństwa pieszemu,,
0,0,0,2014,EWK-98193492F,,,Inne
0,0,0,2014,EWK-98193962Y,,Przekraczanie jezdni w miejscu niedozwolonym,
0,0,0,2014,EWK-98193984U,Niedostosowanie prędkości do warunków ruchu,,
0,0,0,2014,EWK-98194023C,Nieudzielenie pierwszeństwa pieszemu,,
0,0,0,2014,EWK-98194657R,Niedostosowanie prędkości do warunków ruchu,Chodzenie nieprawidłową stroną drogi,
0,0,0,2014,EWK-98194957U,Nieudzielenie pierwszeństwa pieszemu,,
0,0,0,2014,EWK-98196366J,Wjazd przy czerwonym świetle,,
0,0,0,2014,EWK-98196810U,Nieprawidłowe: cofanie,,
0,0,0,2014,EWK-98197096D,,Nieostrożne wejście na jezdnię: przed jadącym pojazdem,
0,0,0,2014,EWK-98197099Q,Nieprawidłowe: omijanie,,
0,0,0,2014,EWK-98197746H,Nieudzielenie pierwszeństwa pieszemu,,
0,0,0,2014,EWK-98198714L,,Przekraczanie jezdni w miejscu niedozwolonym,
0,0,0,2014,EWK-98201866G,Nieudzielenie pierwszeństwa pieszemu,,
0,0,0,2014,EWK-98202113F,Nieudzielenie pierwszeństwa pieszemu,,
0,0,0,2014,EWK-98202497Q,Nieudzielenie pierwszeństwa pieszemu,,
0,0,0,2014,EWK-98203409N,,,"Obiekty, zwierzęta na drodze"
0,0,0,2014,EWK-98203430T,,Nieostrożne wejście na jezdnię: przed jadącym pojazdem,
0,0,0,2014,EWK-98203587Y,Nieprawidłowe: omijanie,"Stanie na jezdni, leżenie",
0,0,0,2014,EWK-98204300G,,Nieostrożne wejście na jezdnię: przed jadącym pojazdem,
0,0,0,2014,EWK-98204451F,,"Stanie na jezdni, leżenie",
0,0,0,2014,EWK-98204489L,Nieudzielenie pierwszeństwa pieszemu,,
0,0,0,2014,EWK-98204512F,Nieprawidłowe: cofanie,,
0,0,0,2014,EWK-98204523C,,Chodzenie nieprawidłową stroną drogi,
0,0,0,2014,EWK-98204871U,Nieprawidłowe: omijanie,,
0,0,0,2014,EWK-98205750A,Nieudzielenie pierwszeństwa pieszemu,,
0,0,0,2014,EWK-98206271Y,,Nieostrożne wejście na jezdnię: przed jadącym pojazdem,
0,0,0,2014,EWK-98207881T,,Nieostrożne wejście na jezdnię: przed jadącym pojazdem,
0,0,0,2014,EWK-98209437D,,Nieostrożne wejście na jezdnię: przed jadącym pojazdem,
0,0,0,2014,EWK-98210006M,Nieprawidłowe: cofanie,,
0,0,0,2014,EWK-98210815C,Nieudzielenie pierwszeństwa pieszemu,,
0,0,0,2014,EWK-98211477P,Nieprawidłowe: omijanie,,
0,0,0,2014,EWK-98212044G,Niedostosowanie prędkości do warunków ruchu,,
0,0,0,2014,EWK-98212212L,Nieudzielenie pierwszeństwa pieszemu,,
0,0,0,2014,EWK-98214099J,Nieprawidłowe: cofanie,,
0,0,0,2014,EWK-98214901J,,"Nieostrożne wejście na jezdnię: zza pojazdu, przeszkody; Nieostrożne wejście na jezdnię: zza pojazdu, przeszkody",
0,0,0,2014,EWK-98216174F,,Nieostrożne wejście na jezdnię: przed jadącym pojazdem,
0,0,0,2014,EWK-98216389H,Nieudzielenie pierwszeństwa pieszemu,,
0,0,0,2014,EWK-98216829E,Nieprawidłowe: cofanie,,
0,0,0,2014,EWK-98216849K,Nieudzielenie pierwszeństwa pieszemu,,
0,0,0,2014,EWK-98217422Y,,Nieostrożne wejście na jezdnię: przed jadącym pojazdem,
0,0,0,2014,EWK-98217564W,Nieudzielenie pierwszeństwa pieszemu,,
0,0,0,2014,EWK-98217652G,Nieudzielenie pierwszeństwa pieszemu,,
0,0,0,2014,EWK-98218849H,,Chodzenie nieprawidłową stroną drogi,
0,0,0,2014,EWK-98218954P,Jazda bez wymaganego oświetlenia,,
0,0,0,2014,EWK-98219905H,,Przekraczanie jezdni w miejscu niedozwolonym,
0,0,0,2014,EWK-98220133G,,,Inne
0,0,0,2014,EWK-98220702W,Nieprawidłowe: omijanie,,
0,0,0,2014,EWK-98220830C,,Nieostrożne wejście na jezdnię: przed jadącym pojazdem,
0,0,0,2014,EWK-98221308L,,"Stanie na jezdni, leżenie",
0,0,0,2014,EWK-98221544U,Niedostosowanie prędkości do warunków ruchu,,
0,0,0,2014,EWK-98221732P,Nieprawidłowe: omijanie,,
0,0,0,2014,EWK-98221920L,,Nieostrożne wejście na jezdnię: przed jadącym pojazdem,
0,0,0,2014,EWK-98222543W,Nieudzielenie pierwszeństwa pieszemu,,
0,0,0,2014,EWK-98223010H,Nieudzielenie pierwszeństwa pieszemu,,
0,0,0,2014,EWK-98223345H,Nieprawidłowe: cofanie,,
0,0,0,2014,EWK-98223869L,Nieudzielenie pierwszeństwa pieszemu,,
0,0,0,2014,EWK-98224541X,,"Stanie na jezdni, leżenie",
0,0,0,2014,EWK-98224549D,,Nieostrożne wejście na jezdnię: przed jadącym pojazdem,
0,0,0,2014,EWK-98228960T,,Nieostrożne wejście na jezdnię: przed jadącym pojazdem,
0,0,0,2014,EWK-98229612K,Nieprawidłowe: cofanie,,
0,0,0,2014,EWK-98229950F,,,Nieustalone
0,0,0,2014,EWK-98230559D,,Przekraczanie jezdni w miejscu niedozwolonym,
0,0,0,2014,EWK-98232067G,,Nieostrożne wejście na jezdnię: przed jadącym pojazdem,
0,0,0,2014,EWK-98232069E,,Nieostrożne wejście na jezdnię: przed jadącym pojazdem,
0,0,0,2014,EWK-98232398H,,Nieostrożne wejście na jezdnię: przed jadącym pojazdem,
0,0,0,2014,EWK-98232700W,Niedostosowanie prędkości do warunków ruchu,,
0,0,0,2014,EWK-98232714Q,Nieudzielenie pierwszeństwa pieszemu,,
0,0,0,2014,EWK-98233605G,,Nieostrożne wejście na jezdnię: przed jadącym pojazdem,
0,0,0,2014,EWK-98233614G,,Nieostrożne wejście na jezdnię: przed jadącym pojazdem,
0,0,0,2014,EWK-98233730G,Nieudzielenie pierwszeństwa pieszemu,,
0,0,0,2014,EWK-98233998P,Nieudzielenie pierwszeństwa pieszemu,,
0,0,0,2014,EWK-98234115R,Nieprawidłowe: skręcanie,,
0,0,0,2014,EWK-98235441K,,Nieostrożne wejście na jezdnię: przed jadącym pojazdem,
0,0,0,2014,EWK-98236477Y,Nieudzielenie pierwszeństwa pieszemu,,
0,0,0,2014,EWK-98237330E,Nieudzielenie pierwszeństwa pieszemu,,
0,0,0,2014,EWK-98238435A,,Nieostrożne wejście na jezdnię: przed jadącym pojazdem,
0,0,0,2014,EWK-98239624P,Nieprawidłowe: cofanie,,
0,0,0,2014,EWK-98242727G,Niedostosowanie prędkości do warunków ruchu,,
0,0,0,2014,EWK-98242833Q,,Przekraczanie jezdni w miejscu niedozwolonym,
0,0,0,2014,EWK-98243091R,,,Nieustalone
0,0,0,2014,EWK-98243463W,,Nieostrożne wejście na jezdnię: przed jadącym pojazdem,
0,0,0,2014,EWK-98243565U,Nieprawidłowe: cofanie,,
0,0,0,2014,EWK-98244060T,Nieudzielenie pierwszeństwa pieszemu,,
0,0,0,2014,EWK-98244120Y,Nieudzielenie pierwszeństwa pieszemu,,
0,0,0,2014,EWK-98244835E,Niedostosowanie prędkości do warunków ruchu,,
0,0,0,2014,EWK-98244869A,Nieprawidłowe: wyprzedzanie,,
0,0,0,2014,EWK-98245296U,,,Inne
0,0,0,2014,EWK-98245593R,,Nieostrożne wejście na jezdnię: przed jadącym pojazdem,
0,0,0,2014,EWK-98245784X,,Nieostrożne wejście na jezdnię: przed jadącym pojazdem,
0,0,0,2014,EWK-98246004N,Nieudzielenie pierwszeństwa pieszemu,Nieostrożne wejście na jezdnię: przed jadącym pojazdem,
0,0,0,2014,EWK-98246208R,Nieudzielenie pierwszeństwa pieszemu,,
0,0,0,2014,EWK-98246217D,Niedostosowanie prędkości do warunków ruchu,,
0,0,0,2014,EWK-98246267F,Nieudzielenie pierwszeństwa pieszemu,,
0,0,0,2014,EWK-98246420L,Nieudzielenie pierwszeństwa pieszemu,,
0,0,0,2014,EWK-98246710T,Nieudzielenie pierwszeństwa pieszemu,,
0,0,0,2014,EWK-98248370X,,,Niezawiniona niesprawność techniczna pojazdu
0,0,0,2014,EWK-98248698X,,,Nieustalone
0,0,0,2014,EWK-98248723H,Nieprawidłowe: omijanie,,
0,0,0,2014,EWK-98249251C,Niedostosowanie prędkości do warunków ruchu,,
0,0,0,2014,EWK-98250953Y,,Nieostrożne wejście na jezdnię: przed jadącym pojazdem,
0,0,0,2014,EWK-98251855F,,Nieostrożne wejście na jezdnię: przed jadącym pojazdem,
0,0,0,2014,EWK-98252101W,,,"Obiekty, zwierzęta na drodze"
0,0,0,2014,EWK-98253812F,,,Inne
0,0,0,2014,EWK-98254248W,,Nieostrożne wejście na jezdnię: przed jadącym pojazdem,
0,0,0,2014,EWK-98255182P,Nieudzielenie pierwszeństwa pieszemu,,
0,0,0,2014,EWK-98255842A,,"Nieostrożne wejście na jezdnię: zza pojazdu, przeszkody",
0,0,0,2014,EWK-98256234C,Nieudzielenie pierwszeństwa pieszemu,,
0,0,0,2014,EWK-98257641U,Nieudzielenie pierwszeństwa pieszemu,,
0,0,0,2014,EWK-98258099L,,,"Obiekty, zwierzęta na drodze"
0,0,0,2014,EWK-98258109M,,Nieostrożne wejście na jezdnię: przed jadącym pojazdem,
0,0,0,2014,EWK-98260383H,,,Nieustalone
0,0,0,2014,EWK-98262213N,,Nieostrożne wejście na jezdnię: przed jadącym pojazdem,
0,0,0,2014,EWK-98262549H,Nieudzielenie pierwszeństwa pieszemu,,
0,0,0,2014,EWK-98263253W,Nieprawidłowe: omijanie,,
0,0,0,2014,EWK-98263465U,,Nieostrożne wejście na jezdnię: przed jadącym pojazdem,
0,0,0,2014,EWK-98263715T,Nieprawidłowe: omijanie,,
0,0,0,2014,EWK-98265298C,,,"Obiekty, zwierzęta na drodze"
0,0,0,2014,EWK-98266141C,Nieudzielenie pierwszeństwa pieszemu,,
0,0,0,2014,EWK-98267241P,,Przekraczanie jezdni w miejscu niedozwolonym,
0,0,0,2014,EWK-98267350W,,Nieostrożne wejście na jezdnię: przed jadącym pojazdem,
0,0,0,2014,EWK-98268123Y,,,Inne
0,0,0,2014,EWK-98269251W,,Nieostrożne wejście na jezdnię: przed jadącym pojazdem,
0,0,0,2014,EWK-98269274L,Nieudzielenie pierwszeństwa pieszemu,,
0,0,0,2014,EWK-98269702A,,Chodzenie nieprawidłową stroną drogi,
0,0,0,2014,EWK-98269710H,Nieudzielenie pierwszeństwa pieszemu,,
0,0,0,2014,EWK-98270067Q,,"Nieostrożne wejście na jezdnię: zza pojazdu, przeszkody",
0,0,0,2014,EWK-98270136R,,Nieostrożne wejście na jezdnię: przed jadącym pojazdem,
0,0,0,2014,EWK-98270608X,Wjazd przy czerwonym świetle,,
0,0,0,2014,EWK-98270690U,Nieudzielenie pierwszeństwa pieszemu,,
0,0,0,2014,EWK-98271221L,Nieudzielenie pierwszeństwa pieszemu,,
0,0,0,2014,EWK-98272386A,Nieprawidłowe: wyprzedzanie,,
0,0,0,2014,EWK-98272515L,Nieudzielenie pierwszeństwa pieszemu,,
0,0,0,2014,EWK-98272929Y,Nieudzielenie pierwszeństwa pieszemu,,
0,0,0,2014,EWK-98273964N,Niedostosowanie prędkości do warunków ruchu,,
0,0,0,2014,EWK-98274498Q,,Nieostrożne wejście na jezdnię: przed jadącym pojazdem,
0,0,0,2014,EWK-98275068J,,Nieostrożne wejście na jezdnię: przed jadącym pojazdem,
0,0,0,2014,EWK-98276311D,Nieudzielenie pierwszeństwa przejazdu,,
0,0,0,2014,EWK-98277408R,Nieprawidłowe: wyprzedzanie,,
0,0,0,2014,EWK-98277436U,Nieprawidłowe: cofanie,,
0,0,0,2014,EWK-98278004R,Nieudzielenie pierwszeństwa pieszemu,,
0,0,0,2014,EWK-98278036A,,Nieostrożne wejście na jezdnię: przed jadącym pojazdem,
0,0,0,2014,EWK-98278790L,,,"Obiekty, zwierzęta na drodze"
0,0,0,2014,EWK-98278796L,Nieudzielenie pierwszeństwa pieszemu,,
0,0,0,2014,EWK-98279004G,Nieudzielenie pierwszeństwa pieszemu,,
0,0,0,2014,EWK-98280007W,,Nieostrożne wejście na jezdnię: przed jadącym pojazdem,
0,0,0,2014,EWK-98280555G,Niedostosowanie prędkości do warunków ruchu,Nieostrożne wejście na jezdnię: przed jadącym pojazdem,
0,0,0,2014,EWK-98280591W,,Nieostrożne wejście na jezdnię: przed jadącym pojazdem,
0,0,0,2014,EWK-98280830C,,Nieostrożne wejście na jezdnię: przed jadącym pojazdem,
0,0,0,2014,EWK-98280871R,Nieudzielenie pierwszeństwa pieszemu,,
0,0,0,2014,EWK-98280877E,,,"Obiekty, zwierzęta na drodze"
0,0,0,2014,EWK-98281625W,Nieudzielenie pierwszeństwa pieszemu,,
0,0,0,2014,EWK-98281854C,Nieudzielenie pierwszeństwa pieszemu,,
0,0,0,2014,EWK-98283069G,Nieudzielenie pierwszeństwa pieszemu,,
0,0,0,2014,EWK-98283094E,Niedostosowanie prędkości do warunków ruchu,,
0,0,0,2014,EWK-98283146R,,,"Obiekty, zwierzęta na drodze"
0,0,0,2014,EWK-98284255Q,,,Inne
0,0,0,2014,EWK-98286046M,,Nieostrożne wejście na jezdnię: przed jadącym pojazdem,
0,0,0,2014,EWK-98286458L,,,"Obiekty, zwierzęta na drodze"
0,0,0,2014,EWK-98286946Q,,Nieostrożne wejście na jezdnię: przed jadącym pojazdem,
0,0,0,2014,EWK-98287267H,,"Zatrzymanie, cofnięcie się",
0,0,0,2014,EWK-98287427G,,"Nieostrożne wejście na jezdnię: zza pojazdu, przeszkody",
0,0,0,2014,EWK-98287471L,Nieprawidłowe: cofanie,Chodzenie nieprawidłową stroną drogi,
0,0,0,2014,EWK-98287752A,,,Nieustalone
0,0,0,2014,EWK-98288103Q,Nieudzielenie pierwszeństwa pieszemu,,
0,0,0,2014,EWK-98290940L,Nieprawidłowe: wyprzedzanie,,
0,0,0,2014,EWK-98293028R,Nieprawidłowe: omijanie,,
0,0,0,2014,EWK-98293061P,,"Nieostrożne wejście na jezdnię: zza pojazdu, przeszkody",
0,0,0,2014,EWK-98293072W,Nieprawidłowe: omijanie,,
0,0,0,2014,EWK-98293713U,,Nieostrożne wejście na jezdnię: przed jadącym pojazdem,
0,0,0,2014,EWK-98293914Q,,,"Obiekty, zwierzęta na drodze"
0,0,0,2014,EWK-98294068Y,,"Nieostrożne wejście na jezdnię: zza pojazdu, przeszkody",
0,0,0,2014,EWK-98294322Q,,Nieostrożne wejście na jezdnię: przed jadącym pojazdem,
0,0,0,2014,EWK-98294635U,,Nieostrożne wejście na jezdnię: przed jadącym pojazdem,
0,0,0,2014,EWK-98295552G,Niedostosowanie prędkości do warunków ruchu,,
0,0,0,2014,EWK-98296299A,Nieprawidłowe: wyprzedzanie,,
0,0,0,2014,EWK-98296883J,Nieudzielenie pierwszeństwa pieszemu,,
0,0,0,2014,EWK-98296944Q,,"Nieostrożne wejście na jezdnię: zza pojazdu, przeszkody",
0,0,0,2014,EWK-98297122L,,Nieostrożne wejście na jezdnię: przed jadącym pojazdem,
0,0,0,2014,EWK-98297587E,Nieudzielenie pierwszeństwa pieszemu,,
0,0,0,2014,EWK-98298308F,,,Inne
0,0,0,2014,EWK-98298387D,Nieudzielenie pierwszeństwa pieszemu,,
0,0,0,2014,EWK-98299759T,Nieudzielenie pierwszeństwa pieszemu,,
0,0,0,2014,EWK-98300846R,Nieudzielenie pierwszeństwa pieszemu,,
0,0,0,2014,EWK-98300901Y,,,"Obiekty, zwierzęta na drodze"
0,0,0,2014,EWK-98301043K,,Nieostrożne wejście na jezdnię: przed jadącym pojazdem,
0,0,0,2014,EWK-98301539E,Nieprawidłowe: cofanie,,
0,0,0,2014,EWK-98302458M,,Nieostrożne wejście na jezdnię: przed jadącym pojazdem,
0,0,0,2014,EWK-98302861Y,Nieudzielenie pierwszeństwa pieszemu,,
0,0,0,2014,EWK-98304202Y,Nieudzielenie pierwszeństwa pieszemu,,
0,0,0,2014,EWK-98304520G,,Nieostrożne wejście na jezdnię: przed jadącym pojazdem,
0,0,0,2014,EWK-98304932T,,Nieostrożne wejście na jezdnię: przed jadącym pojazdem,
0,0,0,2014,EWK-98304946U,Nieudzielenie pierwszeństwa pieszemu,,
0,0,0,2014,EWK-98306572K,,Nieostrożne wejście na jezdnię: przed jadącym pojazdem,
0,0,0,2014,EWK-98306636H,Nieudzielenie pierwszeństwa pieszemu,,
0,0,0,2014,EWK-98306643N,Nieudzielenie pierwszeństwa pieszemu,,
0,0,0,2014,EWK-98308036U,,"Nieostrożne wejście na jezdnię: zza pojazdu, przeszkody",
0,0,0,2014,EWK-98308973L,Nieudzielenie pierwszeństwa pieszemu,,
0,0,0,2014,EWK-98309189C,,,Inne
0,0,0,2014,EWK-98316184K,Nieprawidłowe: omijanie,,
0,0,0,2014,EWK-98317773H,Nieudzielenie pierwszeństwa pieszemu,,
0,0,0,2014,EWK-98318784K,Nieudzielenie pierwszeństwa pieszemu,,
0,0,0,2014,EWK-98319160Y,Nieprawidłowe: przejeżdżanie przejścia dla pieszych,,
0,0,0,2014,EWK-98319421D,Niedostosowanie prędkości do warunków ruchu,,
0,0,0,2014,EWK-98319670Q,,Nieostrożne wejście na jezdnię: przed jadącym pojazdem,
0,0,0,2014,EWK-98323713X,,Przekraczanie jezdni w miejscu niedozwolonym,
0,0,0,2014,EWK-98323787M,Nieudzielenie pierwszeństwa pieszemu,,
0,0,0,2014,EWK-98324088K,Nieprawidłowe: przejeżdżanie przejścia dla pieszych,,
0,0,0,2014,EWK-98324102T,,Nieostrożne wejście na jezdnię: przed jadącym pojazdem,
0,0,0,2014,EWK-98324470X,Nieudzielenie pierwszeństwa pieszemu,,
0,0,0,2014,EWK-98327286P,Nieprawidłowe: cofanie,,
0,0,0,2014,EWK-98328073Y,Nieprawidłowe: omijanie,,
0,0,0,2014,EWK-98328093K,Nieprawidłowe: przejeżdżanie przejścia dla pieszych,,
0,0,0,2014,EWK-98328108M,,Nieostrożne wejście na jezdnię: przed jadącym pojazdem,
0,0,0,2014,EWK-98328119G,Nieprawidłowe: przejeżdżanie przejścia dla pieszych,,
0,0,0,2014,EWK-98328150P,Nieprawidłowe: omijanie,,
0,0,0,2014,EWK-98329741J,Niedostosowanie prędkości do warunków ruchu,,
0,0,0,2014,EWK-98330042Q,,,Inne
0,0,0,2014,EWK-98330064N,,"Nieostrożne wejście na jezdnię: zza pojazdu, przeszkody",
0,0,0,2014,EWK-98330335P,Nieudzielenie pierwszeństwa pieszemu,,
0,0,0,2014,EWK-98331212E,Niedostosowanie prędkości do warunków ruchu,,
0,0,0,2014,EWK-98331675C,,Nieostrożne wejście na jezdnię: przed jadącym pojazdem,
0,0,0,2014,EWK-98331910L,Nieudzielenie pierwszeństwa pieszemu,,
0,0,0,2014,EWK-98333270H,Nieudzielenie pierwszeństwa pieszemu,,
0,0,0,2014,EWK-98333816E,Nieudzielenie pierwszeństwa pieszemu,,
0,0,0,2014,EWK-98335076Y,,Przekraczanie jezdni w miejscu niedozwolonym,
0,0,0,2014,EWK-98336119X,Nieudzielenie pierwszeństwa pieszemu,,
0,0,0,2014,EWK-98336240Y,Nieudzielenie pierwszeństwa pieszemu,,
0,0,0,2014,EWK-98336280Q,,,"Obiekty, zwierzęta na drodze"
0,0,0,2014,EWK-98336469H,,"Stanie na jezdni, leżenie; Stanie na jezdni, leżenie",
0,0,0,2014,EWK-98336588X,Nieudzielenie pierwszeństwa pieszemu,,
0,0,0,2014,EWK-98336599P,Nieudzielenie pierwszeństwa pieszemu,,
0,0,0,2014,EWK-98336708D,,Nieostrożne wejście na jezdnię: przed jadącym pojazdem,
0,0,0,2014,EWK-98336951D,,Przekraczanie jezdni w miejscu niedozwolonym,
0,0,0,2014,EWK-98337093A,Nieudzielenie pierwszeństwa pieszemu,,
0,0,0,2014,EWK-98337114N,Niedostosowanie prędkości do warunków ruchu,,
0,0,0,2014,EWK-98337402K,Nieudzielenie pierwszeństwa pieszemu,,
0,0,0,2014,EWK-98338400K,Nieprawidłowe: cofanie,,
0,0,0,2014,EWK-98339013R,,Nieostrożne wejście na jezdnię: przed jadącym pojazdem,
0,0,0,2014,EWK-98339788E,Nieprawidłowe: przejeżdżanie przejścia dla pieszych,,
0,0,0,2014,EWK-98339990L,Nieudzielenie pierwszeństwa pieszemu,,
0,0,0,2014,EWK-98340264D,Nieprawidłowe: przejeżdżanie przejścia dla pieszych,,
0,0,0,2014,EWK-98342284U,,Chodzenie nieprawidłową stroną drogi,
0,0,0,2014,EWK-98343712N,,Nieostrożne wejście na jezdnię: przed jadącym pojazdem,
0,0,0,2014,EWK-98344326P,,Nieostrożne wejście na jezdnię: przed jadącym pojazdem,
0,0,0,2014,EWK-98344862Y,,Nieostrożne wejście na jezdnię: przed jadącym pojazdem,
0,0,0,2014,EWK-98345129L,Nieprawidłowe: omijanie,,
0,0,0,2014,EWK-98346876Q,"Nieprawidłowe: zatrzymywanie, postój",,
0,0,0,2014,EWK-98347389D,Nieprawidłowe: omijanie,,
0,0,0,2014,EWK-98347710U,,,"Obiekty, zwierzęta na drodze"
0,0,0,2014,EWK-98348220J,Nieudzielenie pierwszeństwa pieszemu,,
0,0,0,2014,EWK-98348706L,Nieprawidłowe: wyprzedzanie,,
0,0,0,2014,EWK-98348967Q,Nieprawidłowe: omijanie,,
0,0,0,2014,EWK-98348976F,Nieprawidłowe: wyprzedzanie,,
0,0,0,2014,EWK-98349088P,,Nieostrożne wejście na jezdnię: przed jadącym pojazdem,
0,0,0,2014,EWK-98349255Q,Nieprawidłowe: wymijanie,,
0,0,0,2014,EWK-98351703U,,,"Obiekty, zwierzęta na drodze"
0,0,0,2014,EWK-98352985A,Nieudzielenie pierwszeństwa pieszemu,,
0,0,0,2014,EWK-98354847U,,Nieostrożne wejście na jezdnię: przed jadącym pojazdem,
0,0,0,2014,EWK-98355055Q,,Nieostrożne wejście na jezdnię: przed jadącym pojazdem,
0,0,0,2014,EWK-98356217J,,Nieostrożne wejście na jezdnię: przed jadącym pojazdem,
0,0,0,2014,EWK-98357062E,Nieudzielenie pierwszeństwa pieszemu,,
0,0,0,2014,EWK-98357724E,,Wejście na jezdnię przy czerwonym świetle,
0,0,0,2014,EWK-98357777W,,Chodzenie nieprawidłową stroną drogi,
0,0,0,2014,EWK-98358481U,Jazda po niewłaściwej stronie drogi,,
0,0,0,2014,EWK-98364098W,,,"Obiekty, zwierzęta na drodze"
0,0,0,2014,EWK-98364461U,,Nieostrożne wejście na jezdnię: przed jadącym pojazdem,
0,0,0,2014,EWK-98364464D,,Nieostrożne wejście na jezdnię: przed jadącym pojazdem,
0,0,0,2014,EWK-98364468G,Nieudzielenie pierwszeństwa pieszemu,,
0,0,0,2014,EWK-98365238A,,Nieostrożne wejście na jezdnię: przed jadącym pojazdem,
0,0,0,2014,EWK-98366299G,Nieudzielenie pierwszeństwa pieszemu,,
0,0,0,2014,EWK-98369585F,Nieudzielenie pierwszeństwa pieszemu,,
0,0,0,2014,EWK-98371134Y,Nieprzestrzeganie innych sygnałów,,
0,0,0,2014,EWK-98376101D,Niedostosowanie prędkości do warunków ruchu,,
0,0,0,2014,EWK-98377996Y,,Nieostrożne wejście na jezdnię: przed jadącym pojazdem,
0,0,0,2014,EWK-98378985X,Nieprawidłowe: omijanie,,
0,0,0,2014,EWK-98380467N,Nieudzielenie pierwszeństwa pieszemu,,
0,0,0,2014,EWK-98380556K,,Nieostrożne wejście na jezdnię: przed jadącym pojazdem,
0,0,0,2014,EWK-98380607A,Nieprawidłowe: przejeżdżanie przejścia dla pieszych,,
0,0,0,2014,EWK-98380645J,,Nieostrożne wejście na jezdnię: przed jadącym pojazdem,
0,0,0,2014,EWK-98380957Y,,Nieostrożne wejście na jezdnię: przed jadącym pojazdem,
0,0,0,2014,EWK-98381207H,,Nieostrożne wejście na jezdnię: przed jadącym pojazdem,
0,0,0,2014,EWK-98381847L,Nieprawidłowe: cofanie,,
0,0,0,2014,EWK-98381900A,,Nieostrożne wejście na jezdnię: przed jadącym pojazdem,
0,0,0,2014,EWK-98381905F,,Nieostrożne wejście na jezdnię: przed jadącym pojazdem,
0,0,0,2014,EWK-98382460D,,Nieostrożne wejście na jezdnię: przed jadącym pojazdem,
0,0,0,2014,EWK-98382684Y,,Nieostrożne wejście na jezdnię: przed jadącym pojazdem,
0,0,0,2014,EWK-98382884G,Nieudzielenie pierwszeństwa pieszemu,,
0,0,0,2014,EWK-98383251K,,,"Obiekty, zwierzęta na drodze"
0,0,0,2014,EWK-98383321P,,,Oślepienie przez inny pojazd lub słońce
0,0,0,2014,EWK-98383355T,,Nieostrożne wejście na jezdnię: przed jadącym pojazdem,
0,0,0,2014,EWK-98383369H,,,"Obiekty, zwierzęta na drodze"
0,0,0,2014,EWK-98383868X,,Chodzenie nieprawidłową stroną drogi,
0,0,0,2014,EWK-98385463H,Niedostosowanie prędkości do warunków ruchu,,
0,0,0,2014,EWK-98385502L,,Nieostrożne wejście na jezdnię: przed jadącym pojazdem,
0,0,0,2014,EWK-98386117W,Nieprawidłowe: cofanie,,
0,0,0,2014,EWK-98386160D,,,"Obiekty, zwierzęta na drodze"
0,0,0,2014,EWK-98386680D,,Chodzenie nieprawidłową stroną drogi,
0,0,0,2014,EWK-98386794P,,,"Obiekty, zwierzęta na drodze"
0,0,0,2014,EWK-98387144X,,Przekraczanie jezdni w miejscu niedozwolonym,
0,0,0,2014,EWK-98387638W,Nieudzielenie pierwszeństwa pieszemu,,
0,0,0,2014,EWK-98387722A,Nieudzielenie pierwszeństwa pieszemu,,
0,0,0,2014,EWK-98387773G,Nieprawidłowe: przejeżdżanie przejścia dla pieszych,,
0,0,0,2014,EWK-98388628H,,Nieostrożne wejście na jezdnię: przed jadącym pojazdem,
0,0,0,2014,EWK-98388676K,Nieprawidłowe: cofanie,,
0,0,0,2014,EWK-98389142C,,,"Obiekty, zwierzęta na drodze"
0,0,0,2014,EWK-98389540D,Niedostosowanie prędkości do warunków ruchu,,
0,0,0,2014,EWK-98389797D,,"Stanie na jezdni, leżenie",
0,0,0,2014,EWK-98389799J,,Nieostrożne wejście na jezdnię: przed jadącym pojazdem,
0,0,0,2014,EWK-98389832G,Nieudzielenie pierwszeństwa pieszemu,,
0,0,0,2014,EWK-98390575R,,Nieostrożne wejście na jezdnię: przed jadącym pojazdem,
0,0,0,2014,EWK-98390889W,,Nieostrożne wejście na jezdnię: przed jadącym pojazdem,
0,0,0,2014,EWK-98391928E,,,"Obiekty, zwierzęta na drodze"
0,0,0,2014,EWK-98392275G,,Nieostrożne wejście na jezdnię: przed jadącym pojazdem,
0,0,0,2014,EWK-98392295W,,Nieostrożne wejście na jezdnię: przed jadącym pojazdem,
0,0,0,2014,EWK-98393091J,Nieudzielenie pierwszeństwa pieszemu,,
0,0,0,2014,EWK-98393537F,,Chodzenie nieprawidłową stroną drogi,
0,0,0,2014,EWK-98393591T,,Nieostrożne wejście na jezdnię: przed jadącym pojazdem,
0,0,0,2014,EWK-98394784L,Nieudzielenie pierwszeństwa pieszemu,,
0,0,0,2014,EWK-98395477K,,,"Obiekty, zwierzęta na drodze"
0,0,0,2014,EWK-98395540N,,Przekraczanie jezdni w miejscu niedozwolonym,
0,0,0,2014,EWK-98395547U,,"Nieostrożne wejście na jezdnię: zza pojazdu, przeszkody",
0,0,0,2014,EWK-98395634X,,Nieostrożne wejście na jezdnię: przed jadącym pojazdem,
0,0,0,2014,EWK-98395705C,Nieprawidłowe: cofanie,,
0,0,0,2014,EWK-98397006K,,Nieostrożne wejście na jezdnię: przed jadącym pojazdem,
0,0,0,2014,EWK-98397440A,,"Nieostrożne wejście na jezdnię: zza pojazdu, przeszkody",
0,0,0,2014,EWK-98398164P,,Nieostrożne wejście na jezdnię: przed jadącym pojazdem,
0,0,0,2014,EWK-98398319M,,Nieostrożne wejście na jezdnię: przed jadącym pojazdem,
0,0,0,2014,EWK-98399553W,Nieudzielenie pierwszeństwa pieszemu,,
0,0,0,2014,EWK-98399680J,Nieprawidłowe: cofanie,,
0,0,0,2014,EWK-98400289D,Nieudzielenie pierwszeństwa pieszemu,,
0,0,0,2014,EWK-98400481K,Nieprawidłowe: przejeżdżanie przejścia dla pieszych,,
0,0,0,2014,EWK-98400509X,,,Nieustalone
0,0,0,2014,EWK-98401340C,Nieprawidłowe: omijanie,,Nieprawidłowo zabezp. roboty drogowe
0,0,0,2014,EWK-98403018Q,Nieudzielenie pierwszeństwa pieszemu,,
0,0,0,2014,EWK-98404152D,Nieprawidłowe: cofanie,,
0,0,0,2014,EWK-98404425E,,,Nieustalone
0,0,0,2014,EWK-98404897H,,Chodzenie nieprawidłową stroną drogi,
0,0,0,2014,EWK-98404977D,Nieprawidłowe: przejeżdżanie przejścia dla pieszych,,
0,0,0,2014,EWK-98405004F,Nieudzielenie pierwszeństwa pieszemu,,
0,0,0,2014,EWK-98405010W,Nieprawidłowe: omijanie,,
0,0,0,2014,EWK-98405016J,Nieudzielenie pierwszeństwa pieszemu,,
0,0,0,2014,EWK-98405233L,Niedostosowanie prędkości do warunków ruchu,,Inne
0,0,0,2014,EWK-98405517T,,"Nieostrożne wejście na jezdnię: zza pojazdu, przeszkody",
0,0,0,2014,EWK-98405529D,,Nieostrożne wejście na jezdnię: przed jadącym pojazdem,
0,0,0,2014,EWK-98406647W,,Nieostrożne wejście na jezdnię: przed jadącym pojazdem,
0,0,0,2014,EWK-98407011P,,,"Obiekty, zwierzęta na drodze"
0,0,0,2014,EWK-98407473M,Nieprawidłowe: przejeżdżanie przejścia dla pieszych,,
0,0,0,2014,EWK-98408365Q,Nieudzielenie pierwszeństwa pieszemu,,
0,0,0,2014,EWK-98409216K,Nieudzielenie pierwszeństwa przejazdu,,
0,0,0,2014,EWK-98409243W,Nieudzielenie pierwszeństwa pieszemu,,
0,0,0,2014,EWK-98409715Y,Nieudzielenie pierwszeństwa pieszemu,,
0,0,0,2014,EWK-98410704E,,Nieostrożne wejście na jezdnię: przed jadącym pojazdem,
0,0,0,2014,EWK-98411221K,,Chodzenie nieprawidłową stroną drogi,
0,0,0,2014,EWK-98411956J,Nieudzielenie pierwszeństwa pieszemu,,
0,0,0,2014,EWK-98413329L,,"Nieostrożne wejście na jezdnię: zza pojazdu, przeszkody",
0,0,0,2014,EWK-98413350F,Niedostosowanie prędkości do warunków ruchu,Nieostrożne wejście na jezdnię: przed jadącym pojazdem,
0,0,0,2014,EWK-98413389J,,Nieostrożne wejście na jezdnię: przed jadącym pojazdem,
0,0,0,2014,EWK-98413534E,,Chodzenie nieprawidłową stroną drogi,
0,0,0,2014,EWK-98413819Q,,,Z winy pasażera
0,0,0,2014,EWK-98413837Y,Nieudzielenie pierwszeństwa pieszemu,,
0,0,0,2014,EWK-98414331P,,Nieostrożne wejście na jezdnię: przed jadącym pojazdem,
0,0,0,2014,EWK-98415048G,Niedostosowanie prędkości do warunków ruchu,,
0,0,0,2014,EWK-98415128U,Niedostosowanie prędkości do warunków ruchu,,
0,0,0,2014,EWK-98415634A,,"Stanie na jezdni, leżenie",
0,0,0,2014,EWK-98415844U,,"Stanie na jezdni, leżenie",
0,0,0,2014,EWK-98416421P,,Nieostrożne wejście na jezdnię: przed jadącym pojazdem,
0,0,0,2014,EWK-98417035F,,Nieostrożne wejście na jezdnię: przed jadącym pojazdem,
0,0,0,2014,EWK-98417522F,Nieprawidłowe: omijanie,,
0,0,0,2014,EWK-98418114A,Jazda po niewłaściwej stronie drogi,,
0,0,0,2014,EWK-98418129J,Nieprawidłowe: omijanie,,
0,0,0,2014,EWK-98420801L,,Nieostrożne wejście na jezdnię: przed jadącym pojazdem,
0,0,0,2014,EWK-98420890D,,Chodzenie nieprawidłową stroną drogi,
0,0,0,2014,EWK-98421562J,Niedostosowanie prędkości do warunków ruchu,,
0,0,0,2014,EWK-98421579T,Nieudzielenie pierwszeństwa pieszemu,,
0,0,0,2014,EWK-98423253D,Niedostosowanie prędkości do warunków ruchu,,
0,0,0,2014,EWK-98423887T,,Nieostrożne wejście na jezdnię: przed jadącym pojazdem,
0,0,0,2014,EWK-98423902A,,Nieostrożne wejście na jezdnię: przed jadącym pojazdem,
0,0,0,2014,EWK-98423905D,,"Stanie na jezdni, leżenie",
0,0,0,2014,EWK-98423950W,Niedostosowanie prędkości do warunków ruchu,,
0,0,0,2014,EWK-98424147C,Nieudzielenie pierwszeństwa pieszemu,,
0,0,0,2014,EWK-98424925K,,Nieostrożne wejście na jezdnię: przed jadącym pojazdem,
0,0,0,2014,EWK-98425578F,,,Inne
0,0,0,2014,EWK-98425897W,"Nieprawidłowe: zatrzymywanie, postój",,
0,0,0,2014,EWK-98425942G,,Nieostrożne wejście na jezdnię: przed jadącym pojazdem,
0,0,0,2014,EWK-98426140U,,"Stanie na jezdni, leżenie",
0,0,0,2014,EWK-98427751J,Nieudzielenie pierwszeństwa pieszemu,,
0,0,0,2014,EWK-98428081A,,"Nieostrożne wejście na jezdnię: zza pojazdu, przeszkody",
0,0,0,2014,EWK-98428116Y,,Nieostrożne wejście na jezdnię: przed jadącym pojazdem,
0,0,0,2014,EWK-98428578C,,Nieostrożne wejście na jezdnię: przed jadącym pojazdem,
0,0,0,2014,EWK-98428600J,,Nieostrożne wejście na jezdnię: przed jadącym pojazdem,
0,0,0,2014,EWK-98429556P,,Przekraczanie jezdni w miejscu niedozwolonym,
0,0,0,2014,EWK-98430413W,Nieprawidłowe: cofanie,,
0,0,0,2014,EWK-98441386C,,"Nieostrożne wejście na jezdnię: zza pojazdu, przeszkody",
0,0,0,2014,EWK-98441424A,Nieprawidłowe: omijanie,,
0,0,0,2014,EWK-98441442J,Nieudzielenie pierwszeństwa pieszemu,,
0,0,0,2014,EWK-98441520C,,"Stanie na jezdni, leżenie",
0,0,0,2014,EWK-98441599Y,,Nieostrożne wejście na jezdnię: przed jadącym pojazdem,
0,0,0,2014,EWK-98442103E,Nieprawidłowe: wyprzedzanie,,
0,0,0,2014,EWK-98442285X,,Nieostrożne wejście na jezdnię: przed jadącym pojazdem,
0,0,0,2014,EWK-98443332J,Nieprawidłowe: omijanie,,
0,0,0,2014,EWK-98443580T,Nieudzielenie pierwszeństwa pieszemu,,
0,0,0,2014,EWK-98443928R,Niedostosowanie prędkości do warunków ruchu,,
0,0,0,2014,EWK-98444364M,,,Nieprawidłowo zabezp. roboty drogowe
0,0,0,2014,EWK-98445562Y,,Nieostrożne wejście na jezdnię: przed jadącym pojazdem,
0,0,0,2014,EWK-98446098U,Niedostosowanie prędkości do warunków ruchu,,
0,0,0,2014,EWK-98446743U,Nieudzielenie pierwszeństwa przejazdu,,
0,0,0,2014,EWK-98446951E,Nieprawidłowe: omijanie,,
0,0,0,2014,EWK-98448732R,,Nieostrożne wejście na jezdnię: przed jadącym pojazdem,
0,0,0,2014,EWK-98449194T,Nieprawidłowe: omijanie,Nieostrożne wejście na jezdnię: przed jadącym pojazdem,
0,0,0,2014,EWK-98449411Q,,,Nieustalone
0,0,0,2014,EWK-98449575M,,"Stanie na jezdni, leżenie",
0,0,0,2014,EWK-98449753E,,"Stanie na jezdni, leżenie",
0,0,0,2014,EWK-98450994K,,Nieostrożne wejście na jezdnię: przed jadącym pojazdem,
0,0,0,2014,EWK-98451312E,,,"Obiekty, zwierzęta na drodze"
0,0,0,2014,EWK-98451326F,Nieudzielenie pierwszeństwa pieszemu,,
0,0,0,2014,EWK-98451400K,Nieudzielenie pierwszeństwa pieszemu,,
0,0,0,2014,EWK-98451451Y,Nieudzielenie pierwszeństwa pieszemu,,
0,0,0,2014,EWK-98453140K,Nieudzielenie pierwszeństwa pieszemu,,
0,0,0,2014,EWK-98453148X,,"Stanie na jezdni, leżenie",
0,0,0,2014,EWK-98453301H,,Nieostrożne wejście na jezdnię: przed jadącym pojazdem,
0,0,0,2014,EWK-98453376E,,Nieostrożne wejście na jezdnię: przed jadącym pojazdem,
0,0,0,2014,EWK-98454838G,Nieudzielenie pierwszeństwa pieszemu,,
0,0,0,2014,EWK-98454860M,Nieudzielenie pierwszeństwa pieszemu,,
0,0,0,2014,EWK-98454886X,,Nieostrożne wejście na jezdnię: przed jadącym pojazdem,
0,0,0,2014,EWK-98454937R,Nieudzielenie pierwszeństwa pieszemu,,
0,0,0,2014,EWK-98455002E,Nieudzielenie pierwszeństwa pieszemu,,
0,0,0,2014,EWK-98455018U,,"Nieostrożne wejście na jezdnię: zza pojazdu, przeszkody",
0,0,0,2014,EWK-98455451N,Nieudzielenie pierwszeństwa pieszemu,,
0,0,0,2014,EWK-98455496C,,Przekraczanie jezdni w miejscu niedozwolonym,
0,0,0,2014,EWK-98455996K,Nieprawidłowe: omijanie,Chodzenie nieprawidłową stroną drogi,
0,0,0,2014,EWK-98456143M,Nieprawidłowe: omijanie,,
0,0,0,2014,EWK-98456472P,,Nieostrożne wejście na jezdnię: przed jadącym pojazdem,
0,0,0,2014,EWK-98456530K,Nieprawidłowe: cofanie,,
0,0,0,2014,EWK-98457550W,Nieudzielenie pierwszeństwa pieszemu,,
0,0,0,2014,EWK-98458430X,Niedostosowanie prędkości do warunków ruchu,,
0,0,0,2014,EWK-98459240F,,Wejście na jezdnię przy czerwonym świetle,
0,0,0,2014,EWK-98459556R,,"Zatrzymanie, cofnięcie się",
0,0,0,2014,EWK-98461867M,Nieudzielenie pierwszeństwa pieszemu,,
0,0,0,2014,EWK-98463284E,Nieudzielenie pierwszeństwa pieszemu,,
0,0,0,2014,EWK-98463597E,Nieprawidłowe: cofanie,,
0,0,0,2014,EWK-98464487K,,Nieostrożne wejście na jezdnię: przed jadącym pojazdem,
0,0,0,2014,EWK-98465160T,,,Nieprawidłowo zabezp. roboty drogowe
0,0,0,2014,EWK-98474294K,,"Stanie na jezdni, leżenie",
0,0,0,2014,EWK-98476287P,Nieudzielenie pierwszeństwa pieszemu,,
0,0,0,2014,EWK-98476332M,,Nieostrożne wejście na jezdnię: przed jadącym pojazdem,
0,0,0,2014,EWK-98476371W,,Nieostrożne wejście na jezdnię: przed jadącym pojazdem,
0,0,0,2014,EWK-98477260F,Nieudzielenie pierwszeństwa pieszemu,,
0,0,0,2014,EWK-98477277G,Nieudzielenie pierwszeństwa pieszemu,,
0,0,0,2014,EWK-98478255J,Nieudzielenie pierwszeństwa pieszemu,,
0,0,0,2014,EWK-98478261K,Niedostosowanie prędkości do warunków ruchu,,
0,0,0,2014,EWK-98479297T,,"Nieostrożne wejście na jezdnię: zza pojazdu, przeszkody",
0,0,0,2014,EWK-98481576K,Nieudzielenie pierwszeństwa pieszemu,,
0,0,0,2014,EWK-98481720K,,Przekraczanie jezdni w miejscu niedozwolonym,
0,0,0,2014,EWK-98483823H,,Nieostrożne wejście na jezdnię: przed jadącym pojazdem,
0,0,0,2014,EWK-98483959R,,,Inne
0,0,0,2014,EWK-98484095X,Nieprawidłowe: przejeżdżanie przejścia dla pieszych,,
0,0,0,2014,EWK-98484246M,,,"Obiekty, zwierzęta na drodze"
0,0,0,2014,EWK-98494409R,Nieprawidłowe: przejeżdżanie przejścia dla pieszych,,
0,0,0,2014,EWK-98505423E,Nieprawidłowe: wyprzedzanie,,
0,0,0,2014,EWK-98507254G,Nieudzielenie pierwszeństwa pieszemu,,
0,0,0,2014,EWK-98509326C,,Nieostrożne wejście na jezdnię: przed jadącym pojazdem,
0,0,0,2014,EWK-98542297E,Nieprawidłowe: omijanie,,
0,0,0,2014,EWK-98559233F,,"Stanie na jezdni, leżenie",
0,0,0,2014,EWK-98569233U,,Przekraczanie jezdni w miejscu niedozwolonym,
0,0,0,2014,EWK-98571233N,,Nieostrożne wejście na jezdnię: przed jadącym pojazdem,
0,0,0,2014,EWK-98612823H,Nieprawidłowe: skręcanie,,
0,0,0,2014,EWK-98613062N,,Nieostrożne wejście na jezdnię: przed jadącym pojazdem,
0,0,0,2014,EWK-98614721U,Nieudzielenie pierwszeństwa pieszemu,,
0,0,0,2014,EWK-98616100A,,Nieostrożne wejście na jezdnię: przed jadącym pojazdem,
0,0,0,2014,EWK-98616640J,Nieudzielenie pierwszeństwa pieszemu,,
0,0,0,2014,EWK-98616657J,Niezachowanie bezp. odl. między pojazdami,,
0,0,0,2014,EWK-98616728P,Nieudzielenie pierwszeństwa pieszemu,,
0,0,0,2014,EWK-98617402Q,Nieudzielenie pierwszeństwa pieszemu,,
0,0,0,2014,EWK-98618330K,Nieudzielenie pierwszeństwa pieszemu,,
0,0,0,2014,EWK-98618406A,Nieprawidłowe: wyprzedzanie,,
0,0,0,2014,EWK-98618471P,,Przekraczanie jezdni w miejscu niedozwolonym,
0,0,0,2014,EWK-98618651Q,Nieudzielenie pierwszeństwa pieszemu,,
0,0,0,2014,EWK-98618867C,Nieudzielenie pierwszeństwa pieszemu,,
0,0,0,2014,EWK-98619017C,Nieprawidłowe: omijanie,,
0,0,0,2014,EWK-98620999Y,Niedostosowanie prędkości do warunków ruchu,,
0,0,0,2014,EWK-98622262G,,"Stanie na jezdni, leżenie",
0,0,0,2014,EWK-98623216Y,,Chodzenie nieprawidłową stroną drogi,
0,0,0,2014,EWK-98623401Y,,Nieostrożne wejście na jezdnię: przed jadącym pojazdem,
0,0,0,2014,EWK-98623990U,,,Nieustalone
0,0,0,2014,EWK-98624023A,Nieprawidłowe: przejeżdżanie przejścia dla pieszych,,
0,0,0,2014,EWK-98624472U,Nieprawidłowe: wyprzedzanie,,
0,0,0,2014,EWK-98624502J,Nieudzielenie pierwszeństwa pieszemu,,
0,0,0,2014,EWK-98625042E,Niedostosowanie prędkości do warunków ruchu,,
0,0,0,2014,EWK-98625256H,,Nieostrożne wejście na jezdnię: przed jadącym pojazdem,
0,0,0,2014,EWK-98625904H,Nieprawidłowe: omijanie,,
0,0,0,2014,EWK-98626336T,Nieprawidłowe: cofanie,,
0,0,0,2014,EWK-98627182Q,Nieudzielenie pierwszeństwa pieszemu,,
0,0,0,2014,EWK-98628306H,,Nieostrożne wejście na jezdnię: przed jadącym pojazdem,
0,0,0,2014,EWK-98628334H,Niedostosowanie prędkości do warunków ruchu,,
0,0,0,2014,EWK-98628348A,Nieprawidłowe: przejeżdżanie przejścia dla pieszych,,
0,0,0,2014,EWK-98628372Q,,,Nieustalone
0,0,0,2014,EWK-98628680X,,Nieostrożne wejście na jezdnię: przed jadącym pojazdem,
0,0,0,2014,EWK-98629094R,Nieudzielenie pierwszeństwa pieszemu,,
0,0,0,2014,EWK-98629218C,Nieprawidłowe: omijanie,,
0,0,0,2014,EWK-98629510C,Nieprawidłowe: omijanie,,
0,0,0,2014,EWK-98629765J,,Chodzenie nieprawidłową stroną drogi,
0,0,0,2014,EWK-98630074R,,"Nieostrożne wejście na jezdnię: zza pojazdu, przeszkody",
0,0,0,2014,EWK-98630425K,,Przekraczanie jezdni w miejscu niedozwolonym,
0,0,0,2014,EWK-98630907E,Nieudzielenie pierwszeństwa pieszemu,,
0,0,0,2014,EWK-98631334K,Nieprawidłowe: omijanie,,
0,0,0,2014,EWK-98631434H,,Nieostrożne wejście na jezdnię: przed jadącym pojazdem,
0,0,0,2014,EWK-98632398D,,Nieostrożne wejście na jezdnię: przed jadącym pojazdem,
0,0,0,2014,EWK-98632419F,,Przekraczanie jezdni w miejscu niedozwolonym,
0,0,0,2014,EWK-98632862Q,Nieprawidłowe: omijanie,,
0,0,0,2014,EWK-98632875U,,Nieostrożne wejście na jezdnię: przed jadącym pojazdem,
0,0,0,2014,EWK-98633045L,Nieprawidłowe: wymijanie,,
0,0,0,2014,EWK-98633241N,Nieprawidłowe: omijanie,Chodzenie nieprawidłową stroną drogi,
0,0,0,2014,EWK-98633863X,,Wejście na jezdnię przy czerwonym świetle,
0,0,0,2014,EWK-98634343C,,Chodzenie nieprawidłową stroną drogi,
0,0,0,2014,EWK-98634611A,,Nieostrożne wejście na jezdnię: przed jadącym pojazdem,
0,0,0,2014,EWK-98634720T,Nieprawidłowe: omijanie,,
0,0,0,2014,EWK-98635724G,Nieudzielenie pierwszeństwa pieszemu,,
0,0,0,2014,EWK-98636337N,,,"Obiekty, zwierzęta na drodze"
0,0,0,2014,EWK-98636418P,Nieudzielenie pierwszeństwa pieszemu,,
0,0,0,2014,EWK-98636439K,Nieudzielenie pierwszeństwa pieszemu,,
0,0,0,2014,EWK-98637521T,,Przekraczanie jezdni w miejscu niedozwolonym,
0,0,0,2014,EWK-98638210H,,Przekraczanie jezdni w miejscu niedozwolonym,
0,0,0,2014,EWK-98638487W,,Nieostrożne wejście na jezdnię: przed jadącym pojazdem,
0,0,0,2014,EWK-98638508Q,Nieudzielenie pierwszeństwa pieszemu,,
0,0,0,2014,EWK-98638643A,,,"Obiekty, zwierzęta na drodze"
0,0,0,2014,EWK-98638691R,Nieudzielenie pierwszeństwa pieszemu,,
0,0,0,2014,EWK-98638892X,,Nieostrożne wejście na jezdnię: przed jadącym pojazdem,
0,0,0,2014,EWK-98638907Q,,Przekraczanie jezdni w miejscu niedozwolonym,
0,0,0,2014,EWK-98638937W,Nieprawidłowe: przejeżdżanie przejścia dla pieszych,,
0,0,0,2014,EWK-98640263T,,"Stanie na jezdni, leżenie",
0,0,0,2014,EWK-98640868X,Nieudzielenie pierwszeństwa pieszemu,,
0,0,0,2014,EWK-98641040C,Nieudzielenie pierwszeństwa pieszemu,,
0,0,0,2014,EWK-98641961N,,"Stanie na jezdni, leżenie",
0,0,0,2014,EWK-98642018X,Nieudzielenie pierwszeństwa pieszemu,,
0,0,0,2014,EWK-98642341X,,Chodzenie nieprawidłową stroną drogi,
0,0,0,2014,EWK-98642348W,Nieudzielenie pierwszeństwa pieszemu,,
0,0,0,2014,EWK-98642351H,,Nieostrożne wejście na jezdnię: przed jadącym pojazdem,
0,0,0,2014,EWK-98643292W,,Nieostrożne wejście na jezdnię: przed jadącym pojazdem,
0,0,0,2014,EWK-98643397Q,,"Stanie na jezdni, leżenie",
0,0,0,2014,EWK-98644740Q,Nieudzielenie pierwszeństwa pieszemu,,
0,0,0,2014,EWK-98645022L,Nieudzielenie pierwszeństwa pieszemu,,
0,0,0,2014,EWK-98645734C,,Chodzenie nieprawidłową stroną drogi,
0,0,0,2014,EWK-98647127K,Niedostosowanie prędkości do warunków ruchu,,
0,0,0,2014,EWK-98647140D,,Nieostrożne wejście na jezdnię: przed jadącym pojazdem,
0,0,0,2014,EWK-98647291E,Nieprawidłowe: omijanie,,
0,0,0,2014,EWK-98647299M,,,Nieustalone
0,0,0,2014,EWK-98647662J,Niedostosowanie prędkości do warunków ruchu,,
0,0,0,2014,EWK-98647680L,Nieprawidłowe: przejeżdżanie przejścia dla pieszych,,
0,0,0,2014,EWK-98647683G,,Nieostrożne wejście na jezdnię: przed jadącym pojazdem,
0,0,0,2014,EWK-98647816Y,,Nieostrożne wejście na jezdnię: przed jadącym pojazdem,
0,0,0,2014,EWK-98648221C,,Przekraczanie jezdni w miejscu niedozwolonym,
0,0,0,2014,EWK-98648968Q,Nieudzielenie pierwszeństwa pieszemu,,
0,0,0,2014,EWK-98649334H,Nieudzielenie pierwszeństwa pieszemu,,
0,0,0,2014,EWK-98649641N,Nieudzielenie pierwszeństwa pieszemu,,
0,0,0,2014,EWK-98650213H,Nieudzielenie pierwszeństwa pieszemu,,
0,0,0,2014,EWK-98650512G,,"Stanie na jezdni, leżenie",
0,0,0,2014,EWK-98650798H,Nieudzielenie pierwszeństwa pieszemu,,
0,0,0,2014,EWK-98651156W,Nieprawidłowe: cofanie,,
0,0,0,2014,EWK-98651166Q,Nieudzielenie pierwszeństwa pieszemu,,
0,0,0,2014,EWK-98651273Q,,"Nieostrożne wejście na jezdnię: zza pojazdu, przeszkody",
0,0,0,2014,EWK-98651281H,,Nieostrożne wejście na jezdnię: przed jadącym pojazdem,
0,0,0,2014,EWK-98651462P,Nieudzielenie pierwszeństwa pieszemu,,
0,0,0,2014,EWK-98651649X,,Nieostrożne wejście na jezdnię: przed jadącym pojazdem,
0,0,0,2014,EWK-98651979K,Nieudzielenie pierwszeństwa pieszemu,,
0,0,0,2014,EWK-98652463T,Nieudzielenie pierwszeństwa pieszemu,,
0,0,0,2014,EWK-98654100F,,Nieostrożne wejście na jezdnię: przed jadącym pojazdem,
0,0,0,2014,EWK-98654508L,Niedostosowanie prędkości do warunków ruchu,,
0,0,0,2014,EWK-98655101F,Nieprawidłowe: cofanie,,
0,0,0,2014,EWK-98656465Y,Nieudzielenie pierwszeństwa pieszemu,,
0,0,0,2014,EWK-98657020F,Nieprawidłowe: omijanie,,
0,0,0,2014,EWK-98657168P,Nieudzielenie pierwszeństwa pieszemu,,
0,0,0,2014,EWK-98657637Q,Nieudzielenie pierwszeństwa pieszemu,,
0,0,0,2014,EWK-98658250P,Nieudzielenie pierwszeństwa pieszemu,,
0,0,0,2014,EWK-98658437X,Nieudzielenie pierwszeństwa pieszemu,,
0,0,0,2014,EWK-98658506K,Nieudzielenie pierwszeństwa przejazdu,,
0,0,0,2014,EWK-98659501G,,"Stanie na jezdni, leżenie",
0,0,0,2014,EWK-98660189M,,,Nieustalone
0,0,0,2014,EWK-98660460R,Nieudzielenie pierwszeństwa pieszemu,,
0,0,0,2014,EWK-98660802E,Nieudzielenie pierwszeństwa pieszemu,,
0,0,0,2014,EWK-98660812K,,,Nieustalone
0,0,0,2014,EWK-98661346U,Nieudzielenie pierwszeństwa pieszemu,,
0,0,0,2014,EWK-98661378X,Nieprawidłowe: wymijanie,,
0,0,0,2014,EWK-98661818Y,Nieudzielenie pierwszeństwa pieszemu,,
0,0,0,2014,EWK-98661980M,Nieudzielenie pierwszeństwa pieszemu,,
0,0,0,2014,EWK-98662278P,Nieudzielenie pierwszeństwa pieszemu,,
0,0,0,2014,EWK-98662306C,,"Nieostrożne wejście na jezdnię: zza pojazdu, przeszkody",
0,0,0,2014,EWK-98663263J,,Nieostrożne wejście na jezdnię: przed jadącym pojazdem,
0,0,0,2014,EWK-98663575N,,Nieostrożne wejście na jezdnię: przed jadącym pojazdem,
0,0,0,2014,EWK-98663593J,Nieudzielenie pierwszeństwa pieszemu,,
0,0,0,2014,EWK-98663971E,Nieudzielenie pierwszeństwa pieszemu,,
0,0,0,2014,EWK-98664067T,Nieudzielenie pierwszeństwa pieszemu,,
0,0,0,2014,EWK-98664124U,Nieprawidłowe: wyprzedzanie,,
0,0,0,2014,EWK-98665364A,Nieudzielenie pierwszeństwa pieszemu,,
0,0,0,2014,EWK-98665457Y,Nieudzielenie pierwszeństwa pieszemu,,
0,0,0,2014,EWK-98665547G,,,"Obiekty, zwierzęta na drodze"
0,0,0,2014,EWK-98665650K,Nieprawidłowe: omijanie,,
0,0,0,2014,EWK-98665832G,,,"Obiekty, zwierzęta na drodze"
0,0,0,2014,EWK-98666042L,Nieudzielenie pierwszeństwa pieszemu,,
0,0,0,2014,EWK-98666066Y,,Nieostrożne wejście na jezdnię: przed jadącym pojazdem,
0,0,0,2014,EWK-98666072W,,Nieostrożne wejście na jezdnię: przed jadącym pojazdem,
0,0,0,2014,EWK-98666718R,Nieudzielenie pierwszeństwa pieszemu,,
0,0,0,2014,EWK-98667944J,,Nieostrożne wejście na jezdnię: przed jadącym pojazdem,
0,0,0,2014,EWK-98668605C,,"Nieostrożne wejście na jezdnię: zza pojazdu, przeszkody",
0,0,0,2014,EWK-98668619R,,,"Obiekty, zwierzęta na drodze"
0,0,0,2014,EWK-98668750C,Nieudzielenie pierwszeństwa pieszemu,,
0,0,0,2014,EWK-98668920G,Nieudzielenie pierwszeństwa pieszemu,,
0,0,0,2014,EWK-98669670D,Nieudzielenie pierwszeństwa pieszemu,,
0,0,0,2014,EWK-98669753Q,Nieudzielenie pierwszeństwa pieszemu,,
0,0,0,2014,EWK-98669754L,,Nieostrożne wejście na jezdnię: przed jadącym pojazdem,
0,0,0,2014,EWK-98669764L,,,"Obiekty, zwierzęta na drodze"
0,0,0,2014,EWK-98669984H,,,Nieustalone
0,0,0,2014,EWK-98670106G,Nieprawidłowe: wymijanie,,
0,0,0,2014,EWK-98671703D,Nieprawidłowe: cofanie,,
0,0,0,2014,EWK-98673161A,Nieprawidłowe: przejeżdżanie przejścia dla pieszych,,
0,0,0,2014,EWK-98673515Y,Nieudzielenie pierwszeństwa pieszemu,,
0,0,0,2014,EWK-98673537D,Nieudzielenie pierwszeństwa pieszemu,,
0,0,0,2014,EWK-98675063W,Nieudzielenie pierwszeństwa pieszemu,,
0,0,0,2014,EWK-98675167P,Niedostosowanie prędkości do warunków ruchu,,
0,0,0,2014,EWK-98675308J,Nieudzielenie pierwszeństwa pieszemu,,
0,0,0,2014,EWK-98675996J,,Wejście na jezdnię przy czerwonym świetle,
0,0,0,2014,EWK-98676131G,Nieudzielenie pierwszeństwa pieszemu,,
0,0,0,2014,EWK-98677169T,Nieudzielenie pierwszeństwa pieszemu,,
0,0,0,2014,EWK-98677196P,,,Nieprawidłowo zabezp. roboty drogowe
0,0,0,2014,EWK-98678391Y,,Nieostrożne wejście na jezdnię: przed jadącym pojazdem,
0,0,0,2014,EWK-98678947N,,Chodzenie nieprawidłową stroną drogi,
0,0,0,2014,EWK-98681010Q,Niedostosowanie prędkości do warunków ruchu,,
0,0,0,2014,EWK-98681011A,Nieudzielenie pierwszeństwa pieszemu,,
0,0,0,2014,EWK-98681047H,,"Nieostrożne wejście na jezdnię: zza pojazdu, przeszkody",
0,0,0,2014,EWK-98681073J,Nieudzielenie pierwszeństwa pieszemu,,
0,0,0,2014,EWK-98681362R,Niedostosowanie prędkości do warunków ruchu,,
0,0,0,2014,EWK-98681610W,Nieprawidłowe: omijanie; Nieprawidłowe: omijanie,,
0,0,0,2014,EWK-98681886K,Nieudzielenie pierwszeństwa pieszemu,,
0,0,0,2014,EWK-98682204K,,,Nieustalone
0,0,0,2014,EWK-98682369H,Nieudzielenie pierwszeństwa pieszemu,,
0,0,0,2014,EWK-98682677U,Nieudzielenie pierwszeństwa pieszemu,,
0,0,0,2014,EWK-98683734U,Nieudzielenie pierwszeństwa pieszemu,,
0,0,0,2014,EWK-98684545N,,Nieostrożne wejście na jezdnię: przed jadącym pojazdem,
0,0,0,2014,EWK-98686002K,,Nieostrożne wejście na jezdnię: przed jadącym pojazdem,
0,0,0,2014,EWK-98686188E,Nieudzielenie pierwszeństwa pieszemu,,
0,0,0,2014,EWK-98686208U,,Nieostrożne wejście na jezdnię: przed jadącym pojazdem,
0,0,0,2014,EWK-98686276R,,Nieostrożne wejście na jezdnię: przed jadącym pojazdem,
0,0,0,2014,EWK-98686306A,Nieudzielenie pierwszeństwa pieszemu,,
0,0,0,2014,EWK-98686840E,Nieudzielenie pierwszeństwa pieszemu,,
0,0,0,2014,EWK-98687987A,Nieudzielenie pierwszeństwa pieszemu,,
0,0,0,2014,EWK-98688461F,,Nieostrożne wejście na jezdnię: przed jadącym pojazdem,
0,0,0,2014,EWK-98688485J,Nieudzielenie pierwszeństwa pieszemu,,
0,0,0,2014,EWK-98688605X,,"Stanie na jezdni, leżenie",
0,0,0,2014,EWK-98688613X,,Nieostrożne wejście na jezdnię: przed jadącym pojazdem,
0,0,0,2014,EWK-98688841T,,"Stanie na jezdni, leżenie",
0,0,0,2014,EWK-98688902M,Nieudzielenie pierwszeństwa pieszemu,,
0,0,0,2014,EWK-98688982Q,,Chodzenie nieprawidłową stroną drogi,
0,0,0,2014,EWK-98689412N,,Nieostrożne wejście na jezdnię: przed jadącym pojazdem,
0,0,0,2014,EWK-98689920W,,"Nieostrożne wejście na jezdnię: zza pojazdu, przeszkody",
0,0,0,2014,EWK-98690243L,Nieudzielenie pierwszeństwa pieszemu,,
0,0,0,2014,EWK-98690790M,,"Stanie na jezdni, leżenie",
0,0,0,2014,EWK-98692781M,Nieudzielenie pierwszeństwa pieszemu,,
0,0,0,2014,EWK-98693109D,,Chodzenie nieprawidłową stroną drogi,
0,0,0,2014,EWK-98693139R,Nieprawidłowe: cofanie,,
0,0,0,2014,EWK-98693188F,Nieudzielenie pierwszeństwa pieszemu,,
0,0,0,2014,EWK-98693426G,Nieprawidłowe: przejeżdżanie przejścia dla pieszych,,
0,0,0,2014,EWK-98693432C,,"Stanie na jezdni, leżenie",
0,0,0,2014,EWK-98693448Q,Nieprawidłowe: przejeżdżanie przejścia dla pieszych,,
0,0,0,2014,EWK-98693498T,Nieudzielenie pierwszeństwa pieszemu,,
0,0,0,2014,EWK-98693589J,Nieudzielenie pierwszeństwa pieszemu,,
0,0,0,2014,EWK-98693643J,Nieudzielenie pierwszeństwa pieszemu,,
0,0,0,2014,EWK-98693654C,,Nieostrożne wejście na jezdnię: przed jadącym pojazdem,
0,0,0,2014,EWK-98693753U,,"Stanie na jezdni, leżenie",
0,0,0,2014,EWK-98693769N,Nieprawidłowe: cofanie,,
0,0,0,2014,EWK-98693784R,Nieudzielenie pierwszeństwa pieszemu,,
0,0,0,2014,EWK-98693794F,Nieudzielenie pierwszeństwa pieszemu,,
0,0,0,2014,EWK-98693819Y,Nieudzielenie pierwszeństwa pieszemu,,
0,0,0,2014,EWK-98694461J,Nieudzielenie pierwszeństwa pieszemu,,
0,0,0,2014,EWK-98694575W,Nieudzielenie pierwszeństwa pieszemu,,
0,0,0,2014,EWK-98694641L,,"Stanie na jezdni, leżenie",
0,0,0,2014,EWK-98694913T,,"Stanie na jezdni, leżenie",
0,0,0,2014,EWK-98695229C,,Nieostrożne wejście na jezdnię: przed jadącym pojazdem,
0,0,0,2014,EWK-98695256K,,Nieostrożne wejście na jezdnię: przed jadącym pojazdem,
0,0,0,2014,EWK-98695320H,Nieudzielenie pierwszeństwa pieszemu,,
0,0,0,2014,EWK-98695835F,Nieudzielenie pierwszeństwa pieszemu,,
0,0,0,2014,EWK-98696012N,Nieudzielenie pierwszeństwa pieszemu,,
0,0,0,2014,EWK-98696042M,Nieudzielenie pierwszeństwa pieszemu,,
0,0,0,2014,EWK-98696418X,Nieudzielenie pierwszeństwa pieszemu,,
0,0,0,2014,EWK-98696475A,Nieudzielenie pierwszeństwa pieszemu,,
0,0,0,2014,EWK-98696488F,Nieudzielenie pierwszeństwa pieszemu,,
0,0,0,2014,EWK-98696516T,,Nieostrożne wejście na jezdnię: przed jadącym pojazdem,
0,0,0,2014,EWK-98696593U,,Chodzenie nieprawidłową stroną drogi,
0,0,0,2014,EWK-98696778M,,"Stanie na jezdni, leżenie",
0,0,0,2014,EWK-98696986F,,Nieostrożne wejście na jezdnię: przed jadącym pojazdem,
0,0,0,2014,EWK-98697001T,Nieudzielenie pierwszeństwa pieszemu,,
0,0,0,2014,EWK-98697073C,,Nieostrożne wejście na jezdnię: przed jadącym pojazdem,
0,0,0,2014,EWK-98697615A,,Nieostrożne wejście na jezdnię: przed jadącym pojazdem,
0,0,0,2014,EWK-98698081G,,Nieostrożne wejście na jezdnię: przed jadącym pojazdem,
0,0,0,2014,EWK-98698092N,,Nieostrożne wejście na jezdnię: przed jadącym pojazdem,
0,0,0,2014,EWK-98698167A,Nieudzielenie pierwszeństwa pieszemu,,
0,0,0,2014,EWK-98698318D,,"Nieostrożne wejście na jezdnię: zza pojazdu, przeszkody",
0,0,0,2014,EWK-98698489P,,Nieostrożne wejście na jezdnię: przed jadącym pojazdem,
0,0,0,2014,EWK-98698532Q,Nieudzielenie pierwszeństwa pieszemu,,
0,0,0,2014,EWK-98698560M,,,Nieustalone
0,0,0,2014,EWK-98698588T,Nieudzielenie pierwszeństwa pieszemu,,
0,0,0,2014,EWK-98698632G,Nieudzielenie pierwszeństwa pieszemu,,
0,0,0,2014,EWK-98698688L,Nieudzielenie pierwszeństwa pieszemu,,
0,0,0,2014,EWK-98698704G,Nieudzielenie pierwszeństwa pieszemu,,
0,0,0,2014,EWK-98698754E,Nieprawidłowe: przejeżdżanie przejścia dla pieszych,,
0,0,0,2014,EWK-98698954U,Nieudzielenie pierwszeństwa pieszemu,,
0,0,0,2014,EWK-98698977C,Nieudzielenie pierwszeństwa pieszemu,,
0,0,0,2014,EWK-98699052P,Nieudzielenie pierwszeństwa pieszemu,,
0,0,0,2014,EWK-98699056U,Nieudzielenie pierwszeństwa pieszemu,,
0,0,0,2014,EWK-98699263T,,"Nieostrożne wejście na jezdnię: zza pojazdu, przeszkody",
0,0,0,2014,EWK-98699379N,,Nieostrożne wejście na jezdnię: przed jadącym pojazdem,
0,0,0,2014,EWK-98699579K,,Nieostrożne wejście na jezdnię: przed jadącym pojazdem,
0,0,0,2014,EWK-98699610F,,Nieostrożne wejście na jezdnię: przed jadącym pojazdem,
0,0,0,2014,EWK-98699792X,,Nieostrożne wejście na jezdnię: przed jadącym pojazdem,
0,0,0,2014,EWK-98700209G,,Chodzenie nieprawidłową stroną drogi,
0,0,0,2014,EWK-98700218W,Nieudzielenie pierwszeństwa pieszemu,,
0,0,0,2014,EWK-98700391K,,Nieostrożne wejście na jezdnię: przed jadącym pojazdem,
0,0,0,2014,EWK-98700406X,Nieprawidłowe: cofanie,,
0,0,0,2014,EWK-98700472C,Nieudzielenie pierwszeństwa pieszemu,,
0,0,0,2014,EWK-98700616C,,"Stanie na jezdni, leżenie",
0,0,0,2014,EWK-98701635M,,,"Obiekty, zwierzęta na drodze"
0,0,0,2014,EWK-98701800R,Nieudzielenie pierwszeństwa pieszemu,,
0,0,0,2014,EWK-98702484L,Nieudzielenie pierwszeństwa pieszemu,,
0,0,0,2014,EWK-98702900M,,Nieostrożne wejście na jezdnię: przed jadącym pojazdem,
0,0,0,2014,EWK-98703653E,Nieudzielenie pierwszeństwa pieszemu,,
0,0,0,2014,EWK-98703684D,,Wejście na jezdnię przy czerwonym świetle,
0,0,0,2014,EWK-98703907M,,Nieostrożne wejście na jezdnię: przed jadącym pojazdem,
0,0,0,2014,EWK-98704317T,Nieudzielenie pierwszeństwa pieszemu,,
0,0,0,2014,EWK-98704461A,,Przekraczanie jezdni w miejscu niedozwolonym,
0,0,0,2014,EWK-98705225D,Niedostosowanie prędkości do warunków ruchu,,
0,0,0,2014,EWK-98705250D,,Nieostrożne wejście na jezdnię: przed jadącym pojazdem,
0,0,0,2014,EWK-98705647R,,Chodzenie nieprawidłową stroną drogi,
0,0,0,2014,EWK-98705649R,Nieudzielenie pierwszeństwa pieszemu,,
0,0,0,2014,EWK-98707628K,Nieudzielenie pierwszeństwa pieszemu,,
0,0,0,2014,EWK-98707635W,,"Stanie na jezdni, leżenie",
0,0,0,2014,EWK-98707813J,Nieudzielenie pierwszeństwa pieszemu,,
0,0,0,2014,EWK-98708451C,Niedostosowanie prędkości do warunków ruchu,,
0,0,0,2014,EWK-98708472F,,Nieostrożne wejście na jezdnię: przed jadącym pojazdem,
0,0,0,2014,EWK-98709245R,,Nieostrożne wejście na jezdnię: przed jadącym pojazdem,
0,0,0,2014,EWK-98709731W,Nieudzielenie pierwszeństwa pieszemu,,
0,0,0,2014,EWK-98709893Y,,,"Obiekty, zwierzęta na drodze"